{
  "configuration" : "release",
  "fingerprintVersion" : "fingerprint_uniffi 0.1.0",
  "label" : "baseline-20260630T171947Z",
  "results" : [
    {
      "category" : "serialization",
      "checksum" : 32400,
      "iterations" : 50,
      "maxMs" : 0.007958,
      "meanMs" : 0.0012458000000000007,
      "medianMs" : 0.001125,
      "minMs" : 0.001041,
      "name" : "serialization_round_trip_small_fingerprint",
      "p90Ms" : 0.001125,
      "samplesMs" : [
        0.007958,
        0.001167,
        0.001125,
        0.001125,
        0.001125,
        0.001125,
        0.001125,
        0.001125,
        0.001125,
        0.001083,
        0.001084,
        0.001083,
        0.001083,
        0.001125,
        0.001125,
        0.001125,
        0.001084,
        0.001125,
        0.001125,
        0.001167,
        0.001083,
        0.001125,
        0.001125,
        0.001083,
        0.001125,
        0.001083,
        0.001125,
        0.001167,
        0.001083,
        0.001125,
        0.001083,
        0.001125,
        0.001083,
        0.001083,
        0.001125,
        0.001125,
        0.001083,
        0.001125,
        0.001083,
        0.001084,
        0.001042,
        0.001083,
        0.001084,
        0.001125,
        0.001125,
        0.001125,
        0.001125,
        0.001083,
        0.001041,
        0.001125
      ],
      "standardDeviationMs" : 0.0009592800842298344,
      "warmups" : 10,
      "workload" : "128 deterministic hashes, 60s duration"
    },
    {
      "category" : "serialization",
      "checksum" : 103463609600,
      "iterations" : 50,
      "maxMs" : 0.308083,
      "meanMs" : 0.13391577999999998,
      "medianMs" : 0.12497899999999999,
      "minMs" : 0.114584,
      "name" : "serialization_round_trip_large_fingerprint",
      "p90Ms" : 0.1517336,
      "samplesMs" : [
        0.114584,
        0.1235,
        0.115708,
        0.124833,
        0.115792,
        0.115875,
        0.117917,
        0.115334,
        0.118333,
        0.13275,
        0.174583,
        0.308083,
        0.144,
        0.118167,
        0.123542,
        0.116583,
        0.1215,
        0.115625,
        0.115917,
        0.125125,
        0.116,
        0.120291,
        0.115667,
        0.115875,
        0.116208,
        0.119416,
        0.117042,
        0.115792,
        0.115916,
        0.116458,
        0.132292,
        0.147208,
        0.144833,
        0.154583,
        0.159959,
        0.147208,
        0.144333,
        0.151667,
        0.148,
        0.145209,
        0.144583,
        0.143833,
        0.149958,
        0.152333,
        0.15125,
        0.130708,
        0.129708,
        0.132375,
        0.129417,
        0.129916
      ],
      "standardDeviationMs" : 0.029143804433388584,
      "warmups" : 10,
      "workload" : "16,384 deterministic hashes, 60m duration"
    },
    {
      "category" : "comparison",
      "checksum" : 50000000,
      "iterations" : 50,
      "maxMs" : 0.031041,
      "meanMs" : 0.02348502,
      "medianMs" : 0.023458,
      "minMs" : 0.020083,
      "name" : "compare_hashes_large_equal_inputs",
      "p90Ms" : 0.024066100000000003,
      "samplesMs" : [
        0.020084,
        0.020125,
        0.020083,
        0.020083,
        0.020125,
        0.020083,
        0.020167,
        0.022208,
        0.023375,
        0.0235,
        0.023459,
        0.023416,
        0.023417,
        0.023458,
        0.023458,
        0.023417,
        0.0235,
        0.023458,
        0.0235,
        0.026542,
        0.023375,
        0.023375,
        0.023417,
        0.023458,
        0.03,
        0.023583,
        0.023417,
        0.0235,
        0.0235,
        0.0235,
        0.031041,
        0.023584,
        0.023458,
        0.0235,
        0.0235,
        0.023791,
        0.023459,
        0.023417,
        0.028167,
        0.023541,
        0.023459,
        0.023458,
        0.026958,
        0.023417,
        0.023542,
        0.023583,
        0.023459,
        0.0235,
        0.023417,
        0.023417
      ],
      "standardDeviationMs" : 0.0021193834715784684,
      "warmups" : 10,
      "workload" : "65,536 hashes compared against identical input"
    },
    {
      "category" : "comparison",
      "checksum" : 25070200,
      "iterations" : 50,
      "maxMs" : 0.030375,
      "meanMs" : 0.023399160000000002,
      "medianMs" : 0.022667,
      "minMs" : 0.020833,
      "name" : "compare_hashes_large_different_inputs",
      "p90Ms" : 0.0270375,
      "samplesMs" : [
        0.024583,
        0.02425,
        0.024583,
        0.030375,
        0.0275,
        0.027,
        0.026708,
        0.027375,
        0.02975,
        0.023625,
        0.024333,
        0.026333,
        0.026167,
        0.023292,
        0.023958,
        0.024125,
        0.02425,
        0.021458,
        0.021,
        0.021,
        0.021,
        0.021,
        0.021,
        0.021583,
        0.025667,
        0.024709,
        0.021875,
        0.021625,
        0.022042,
        0.0215,
        0.021583,
        0.0215,
        0.021209,
        0.021291,
        0.020917,
        0.021042,
        0.020833,
        0.021167,
        0.021041,
        0.021042,
        0.021333,
        0.021084,
        0.021041,
        0.021292,
        0.024375,
        0.023917,
        0.023625,
        0.028291,
        0.025042,
        0.024667
      ],
      "standardDeviationMs" : 0.0025343165892208488,
      "warmups" : 10,
      "workload" : "65,536 hashes compared against a different deterministic input"
    },
    {
      "category" : "comparison",
      "checksum" : 50000000,
      "iterations" : 50,
      "maxMs" : 0.463458,
      "meanMs" : 0.3909316200000002,
      "medianMs" : 0.393771,
      "minMs" : 0.360625,
      "name" : "compare_hashes_with_drift",
      "p90Ms" : 0.40893779999999996,
      "samplesMs" : [
        0.409125,
        0.408584,
        0.408583,
        0.408542,
        0.408917,
        0.408625,
        0.411292,
        0.412541,
        0.394208,
        0.4025,
        0.463458,
        0.405459,
        0.396875,
        0.407125,
        0.399958,
        0.399,
        0.396875,
        0.408208,
        0.396875,
        0.394209,
        0.394209,
        0.394167,
        0.387833,
        0.38425,
        0.384417,
        0.384458,
        0.393375,
        0.391708,
        0.386958,
        0.397458,
        0.398459,
        0.452666,
        0.378208,
        0.36875,
        0.364666,
        0.366375,
        0.364208,
        0.36425,
        0.36425,
        0.382792,
        0.364208,
        0.364166,
        0.370792,
        0.362791,
        0.360625,
        0.387,
        0.391333,
        0.361958,
        0.369917,
        0.369375
      ],
      "standardDeviationMs" : 0.021341763852024975,
      "warmups" : 10,
      "workload" : "8,192 hashes searched with a 64-hash offset and max drift 64"
    },
    {
      "category" : "matching",
      "checksum" : 50500,
      "iterations" : 50,
      "maxMs" : 1.090667,
      "meanMs" : 0.9036424399999997,
      "medianMs" : 0.8898745,
      "minMs" : 0.836959,
      "name" : "checkpoint_matcher_add_and_query",
      "p90Ms" : 1.0211750000000002,